<?xml version="1.0" encoding="UTF-8"?>
<!-- IMPORTANT: This is an internal file that has been generated
     by the Xilinx ISE software.  Any direct editing or
     changes made to this file may result in unpredictable
     behavior or data corruption.  It is strongly advised that
     users do not edit the contents of this file. -->
<DeviceUsageSummary rev="161">
<DesignStatistics TimeStamp="Thu Dec 05 13:23:58 2013"><group name="NetStatistics">
<item name="NumNets_Active" rev="161">
<attrib name="value" value="930"/></item>
<item name="NumNets_Gnd" rev="161">
<attrib name="value" value="1"/></item>
<item name="NumNets_Vcc" rev="161">
<attrib name="value" value="1"/></item>
<item name="NumNodesOfType_Active_BRAMADDR" rev="161">
<attrib name="value" value="16"/></item>
<item name="NumNodesOfType_Active_BRAMDUMMY" rev="161">
<attrib name="value" value="34"/></item>
<item name="NumNodesOfType_Active_CLKPIN" rev="161">
<attrib name="value" value="187"/></item>
<item name="NumNodesOfType_Active_CNTRLPIN" rev="161">
<attrib name="value" value="244"/></item>
<item name="NumNodesOfType_Active_DOUBLE" rev="161">
<attrib name="value" value="1812"/></item>
<item name="NumNodesOfType_Active_DUMMY" rev="161">
<attrib name="value" value="2159"/></item>
<item name="NumNodesOfType_Active_DUMMYBANK" rev="161">
<attrib name="value" value="10"/></item>
<item name="NumNodesOfType_Active_DUMMYESC" rev="161">
<attrib name="value" value="6"/></item>
<item name="NumNodesOfType_Active_GLOBAL" rev="161">
<attrib name="value" value="93"/></item>
<item name="NumNodesOfType_Active_HFULLHEX" rev="161">
<attrib name="value" value="18"/></item>
<item name="NumNodesOfType_Active_HLONG" rev="161">
<attrib name="value" value="4"/></item>
<item name="NumNodesOfType_Active_HUNIHEX" rev="161">
<attrib name="value" value="120"/></item>
<item name="NumNodesOfType_Active_INPUT" rev="161">
<attrib name="value" value="2649"/></item>
<item name="NumNodesOfType_Active_IOBOUTPUT" rev="161">
<attrib name="value" value="6"/></item>
<item name="NumNodesOfType_Active_OMUX" rev="161">
<attrib name="value" value="831"/></item>
<item name="NumNodesOfType_Active_OUTPUT" rev="161">
<attrib name="value" value="886"/></item>
<item name="NumNodesOfType_Active_PREBXBY" rev="161">
<attrib name="value" value="698"/></item>
<item name="NumNodesOfType_Active_VFULLHEX" rev="161">
<attrib name="value" value="124"/></item>
<item name="NumNodesOfType_Active_VLONG" rev="161">
<attrib name="value" value="18"/></item>
<item name="NumNodesOfType_Active_VUNIHEX" rev="161">
<attrib name="value" value="156"/></item>
<item name="NumNodesOfType_Vcc_BRAMADDR" rev="161">
<attrib name="value" value="1"/></item>
<item name="NumNodesOfType_Vcc_BRAMDUMMY" rev="161">
<attrib name="value" value="2"/></item>
<item name="NumNodesOfType_Vcc_CNTRLPIN" rev="161">
<attrib name="value" value="4"/></item>
<item name="NumNodesOfType_Vcc_INPUT" rev="161">
<attrib name="value" value="7"/></item>
<item name="NumNodesOfType_Vcc_PREBXBY" rev="161">
<attrib name="value" value="4"/></item>
<item name="NumNodesOfType_Vcc_VCCOUT" rev="161">
<attrib name="value" value="7"/></item>
</group>
<group name="SiteStatistics">
<item name="IBUF-DIFFMI" rev="161">
<attrib name="value" value="1"/></item>
<item name="IOB-DIFFM" rev="161">
<attrib name="value" value="11"/></item>
<item name="IOB-DIFFS" rev="161">
<attrib name="value" value="5"/></item>
<item name="SLICEL-SLICEM" rev="161">
<attrib name="value" value="203"/></item>
</group>
<group name="MiscellaneousStatistics">
<item name="AGG_BONDED_IO" rev="160">
<attrib name="value" value="26"/></item>
<item name="AGG_IO" rev="160">
<attrib name="value" value="26"/></item>
<item name="AGG_SLICE" rev="160">
<attrib name="value" value="448"/></item>
<item name="NUM_4_INPUT_LUT" rev="160">
<attrib name="value" value="702"/></item>
<item name="NUM_BONDED_IBUF" rev="160">
<attrib name="value" value="6"/></item>
<item name="NUM_BONDED_IOB" rev="160">
<attrib name="value" value="20"/></item>
<item name="NUM_BUFGMUX" rev="160">
<attrib name="value" value="4"/></item>
<item name="NUM_CYMUX" rev="160">
<attrib name="value" value="221"/></item>
<item name="NUM_IOB_LATCH" rev="160">
<attrib name="value" value="8"/></item>
<item name="NUM_LUT_RT" rev="160">
<attrib name="value" value="65"/></item>
<item name="NUM_RAMB16" rev="160">
<attrib name="value" value="1"/></item>
<item name="NUM_SLICEL" rev="160">
<attrib name="value" value="448"/></item>
<item name="NUM_SLICE_FF" rev="160">
<attrib name="value" value="255"/></item>
<item name="NUM_SLICE_LATCH" rev="160">
<attrib name="value" value="36"/></item>
<item name="NUM_XOR" rev="160">
<attrib name="value" value="203"/></item>
<item name="Xilinx Core blk_mem_gen_v4_2, Xilinx CORE Generator 12.2" rev="160">
<attrib name="value" value="1"/></item>
</group>
</DesignStatistics>
<DeviceUsage TimeStamp="Thu Dec 05 13:23:58 2013"><group name="SiteSummary">
<item name="BUFGMUX" rev="161">
<attrib name="total" value="1000000"/><attrib name="used" value="4"/></item>
<item name="BUFGMUX_GCLKMUX" rev="161">
<attrib name="total" value="1000000"/><attrib name="used" value="4"/></item>
<item name="BUFGMUX_GCLK_BUFFER" rev="161">
<attrib name="total" value="1000000"/><attrib name="used" value="4"/></item>
<item name="IBUF" rev="161">
<attrib name="total" value="1000000"/><attrib name="used" value="6"/></item>
<item name="IBUF_INBUF" rev="161">
<attrib name="total" value="1000000"/><attrib name="used" value="6"/></item>
<item name="IBUF_PAD" rev="161">
<attrib name="total" value="1000000"/><attrib name="used" value="6"/></item>
<item name="IOB" rev="161">
<attrib name="total" value="1000000"/><attrib name="used" value="20"/></item>
<item name="IOB_OFF1" rev="161">
<attrib name="total" value="1000000"/><attrib name="used" value="8"/></item>
<item name="IOB_OUTBUF" rev="161">
<attrib name="total" value="1000000"/><attrib name="used" value="20"/></item>
<item name="IOB_PAD" rev="161">
<attrib name="total" value="1000000"/><attrib name="used" value="20"/></item>
<item name="RAMB16" rev="161">
<attrib name="total" value="1000000"/><attrib name="used" value="1"/></item>
<item name="RAMB16_RAMB16" rev="161">
<attrib name="total" value="1000000"/><attrib name="used" value="1"/></item>
<item name="RAMB16_RAMB16A" rev="161">
<attrib name="total" value="1000000"/><attrib name="used" value="1"/></item>
<item name="RAMB16_RAMB16B" rev="161">
<attrib name="total" value="1000000"/><attrib name="used" value="1"/></item>
<item name="SLICEL" rev="161">
<attrib name="total" value="1000000"/><attrib name="used" value="448"/></item>
<item name="SLICEL_C1VDD" rev="161">
<attrib name="total" value="1000000"/><attrib name="used" value="14"/></item>
<item name="SLICEL_C2VDD" rev="161">
<attrib name="total" value="1000000"/><attrib name="used" value="17"/></item>
<item name="SLICEL_CYMUXF" rev="161">
<attrib name="total" value="1000000"/><attrib name="used" value="114"/></item>
<item name="SLICEL_CYMUXG" rev="161">
<attrib name="total" value="1000000"/><attrib name="used" value="107"/></item>
<item name="SLICEL_F" rev="161">
<attrib name="total" value="1000000"/><attrib name="used" value="353"/></item>
<item name="SLICEL_F5MUX" rev="161">
<attrib name="total" value="1000000"/><attrib name="used" value="110"/></item>
<item name="SLICEL_F6MUX" rev="161">
<attrib name="total" value="1000000"/><attrib name="used" value="16"/></item>
<item name="SLICEL_FFX" rev="161">
<attrib name="total" value="1000000"/><attrib name="used" value="142"/></item>
<item name="SLICEL_FFY" rev="161">
<attrib name="total" value="1000000"/><attrib name="used" value="149"/></item>
<item name="SLICEL_G" rev="161">
<attrib name="total" value="1000000"/><attrib name="used" value="349"/></item>
<item name="SLICEL_GNDF" rev="161">
<attrib name="total" value="1000000"/><attrib name="used" value="76"/></item>
<item name="SLICEL_GNDG" rev="161">
<attrib name="total" value="1000000"/><attrib name="used" value="67"/></item>
<item name="SLICEL_XORF" rev="161">
<attrib name="total" value="1000000"/><attrib name="used" value="102"/></item>
<item name="SLICEL_XORG" rev="161">
<attrib name="total" value="1000000"/><attrib name="used" value="101"/></item>
</group>
</DeviceUsage>
<ReportConfigData TimeStamp="Thu Dec 05 13:23:58 2013"><group name="SLICEL_CYMUXF">
<item name="0" rev="161">
<attrib name="0" value="114"/><attrib name="0_INV" value="0"/></item>
<item name="1" rev="161">
<attrib name="1_INV" value="2"/><attrib name="1" value="112"/></item>
</group>
<group name="SLICEL_CYMUXG">
<item name="0" rev="161">
<attrib name="0" value="107"/><attrib name="0_INV" value="0"/></item>
</group>
<group name="IBUF_PAD">
<item name="IOATTRBOX" rev="161">
<attrib name="LVCMOS25" value="6"/></item>
</group>
<group name="SLICEL">
<item name="BX" rev="161">
<attrib name="BX_INV" value="2"/><attrib name="BX" value="197"/></item>
<item name="BY" rev="161">
<attrib name="BY" value="105"/><attrib name="BY_INV" value="2"/></item>
<item name="CE" rev="161">
<attrib name="CE" value="97"/><attrib name="CE_INV" value="0"/></item>
<item name="CIN" rev="161">
<attrib name="CIN_INV" value="0"/><attrib name="CIN" value="103"/></item>
<item name="CLK" rev="161">
<attrib name="CLK" value="147"/><attrib name="CLK_INV" value="30"/></item>
<item name="SR" rev="161">
<attrib name="SR" value="147"/><attrib name="SR_INV" value="0"/></item>
</group>
<group name="SLICEL_F6MUX">
<item name="S0" rev="161">
<attrib name="S0" value="16"/><attrib name="S0_INV" value="0"/></item>
</group>
<group name="RAMB16">
<item name="CLKA" rev="161">
<attrib name="CLKA_INV" value="0"/><attrib name="CLKA" value="1"/></item>
<item name="CLKB" rev="161">
<attrib name="CLKB_INV" value="0"/><attrib name="CLKB" value="1"/></item>
<item name="ENA" rev="161">
<attrib name="ENA_INV" value="0"/><attrib name="ENA" value="1"/></item>
<item name="ENB" rev="161">
<attrib name="ENB_INV" value="0"/><attrib name="ENB" value="1"/></item>
<item name="SSRA" rev="161">
<attrib name="SSRA_INV" value="0"/><attrib name="SSRA" value="1"/></item>
<item name="SSRB" rev="161">
<attrib name="SSRB_INV" value="0"/><attrib name="SSRB" value="1"/></item>
<item name="WEA" rev="161">
<attrib name="WEA" value="1"/><attrib name="WEA_INV" value="0"/></item>
<item name="WEB" rev="161">
<attrib name="WEB" value="1"/><attrib name="WEB_INV" value="0"/></item>
</group>
<group name="IOB_OFF1">
<item name="CK" rev="161">
<attrib name="CK" value="0"/><attrib name="CK_INV" value="8"/></item>
<item name="D" rev="161">
<attrib name="D" value="8"/><attrib name="D_INV" value="0"/></item>
<item name="LATCH_OR_FF" rev="161">
<attrib name="LATCH" value="8"/></item>
<item name="OFF1_INIT_ATTR" rev="161">
<attrib name="INIT0" value="8"/></item>
</group>
<group name="IOB_OUTBUF">
<item name="IN" rev="161">
<attrib name="IN_INV" value="4"/><attrib name="IN" value="16"/></item>
</group>
<group name="RAMB16_RAMB16A">
<item name="CLKA" rev="161">
<attrib name="CLKA_INV" value="0"/><attrib name="CLKA" value="1"/></item>
<item name="ENA" rev="161">
<attrib name="ENA_INV" value="0"/><attrib name="ENA" value="1"/></item>
<item name="PORTA_ATTR" rev="161">
<attrib name="512X36" value="1"/></item>
<item name="SSRA" rev="161">
<attrib name="SSRA_INV" value="0"/><attrib name="SSRA" value="1"/></item>
<item name="WEA" rev="161">
<attrib name="WEA" value="1"/><attrib name="WEA_INV" value="0"/></item>
<item name="WRITEMODEA" rev="161">
<attrib name="WRITE_FIRST" value="1"/></item>
</group>
<group name="RAMB16_RAMB16B">
<item name="CLKB" rev="161">
<attrib name="CLKB_INV" value="0"/><attrib name="CLKB" value="1"/></item>
<item name="ENB" rev="161">
<attrib name="ENB_INV" value="0"/><attrib name="ENB" value="1"/></item>
<item name="PORTB_ATTR" rev="161">
<attrib name="512X36" value="1"/></item>
<item name="SSRB" rev="161">
<attrib name="SSRB_INV" value="0"/><attrib name="SSRB" value="1"/></item>
<item name="WEB" rev="161">
<attrib name="WEB" value="1"/><attrib name="WEB_INV" value="0"/></item>
<item name="WRITEMODEB" rev="161">
<attrib name="WRITE_FIRST" value="1"/></item>
</group>
<group name="SLICEL_FFX">
<item name="CE" rev="161">
<attrib name="CE" value="78"/><attrib name="CE_INV" value="0"/></item>
<item name="CK" rev="161">
<attrib name="CK" value="124"/><attrib name="CK_INV" value="18"/></item>
<item name="D" rev="161">
<attrib name="D" value="142"/><attrib name="D_INV" value="0"/></item>
<item name="FFX_INIT_ATTR" rev="161">
<attrib name="INIT0" value="141"/><attrib name="INIT1" value="1"/></item>
<item name="FFX_SR_ATTR" rev="161">
<attrib name="SRLOW" value="141"/><attrib name="SRHIGH" value="1"/></item>
<item name="LATCH_OR_FF" rev="161">
<attrib name="FF" value="124"/><attrib name="LATCH" value="18"/></item>
<item name="SR" rev="161">
<attrib name="SR" value="124"/><attrib name="SR_INV" value="0"/></item>
<item name="SYNC_ATTR" rev="161">
<attrib name="ASYNC" value="142"/></item>
</group>
<group name="SLICEL_XORF">
<item name="1" rev="161">
<attrib name="1_INV" value="2"/><attrib name="1" value="100"/></item>
</group>
<group name="SLICEL_FFY">
<item name="CE" rev="161">
<attrib name="CE" value="81"/><attrib name="CE_INV" value="0"/></item>
<item name="CK" rev="161">
<attrib name="CK" value="131"/><attrib name="CK_INV" value="18"/></item>
<item name="D" rev="161">
<attrib name="D" value="147"/><attrib name="D_INV" value="2"/></item>
<item name="FFY_INIT_ATTR" rev="161">
<attrib name="INIT0" value="149"/></item>
<item name="FFY_SR_ATTR" rev="161">
<attrib name="SRLOW" value="149"/></item>
<item name="LATCH_OR_FF" rev="161">
<attrib name="FF" value="131"/><attrib name="LATCH" value="18"/></item>
<item name="SR" rev="161">
<attrib name="SR" value="131"/><attrib name="SR_INV" value="0"/></item>
<item name="SYNC_ATTR" rev="161">
<attrib name="ASYNC" value="149"/></item>
</group>
<group name="BUFGMUX_GCLKMUX">
<item name="DISABLE_ATTR" rev="161">
<attrib name="LOW" value="4"/></item>
<item name="S" rev="161">
<attrib name="S_INV" value="4"/><attrib name="S" value="0"/></item>
</group>
<group name="SLICEL_F5MUX">
<item name="S0" rev="161">
<attrib name="S0" value="110"/><attrib name="S0_INV" value="0"/></item>
</group>
<group name="IOB_PAD">
<item name="DRIVEATTRBOX" rev="161">
<attrib name="12" value="20"/></item>
<item name="IOATTRBOX" rev="161">
<attrib name="LVCMOS25" value="20"/></item>
<item name="SLEW" rev="161">
<attrib name="SLOW" value="20"/></item>
</group>
<group name="IOB">
<item name="O1" rev="161">
<attrib name="O1_INV" value="4"/><attrib name="O1" value="16"/></item>
<item name="OTCLK1" rev="161">
<attrib name="OTCLK1_INV" value="8"/><attrib name="OTCLK1" value="0"/></item>
</group>
<group name="BUFGMUX">
<item name="S" rev="161">
<attrib name="S_INV" value="4"/><attrib name="S" value="0"/></item>
</group>
</ReportConfigData>
<ReportPinData TimeStamp="Thu Dec 05 13:23:58 2013"><group name="SLICEL_CYMUXF">
<item name="0" rev="161">
<attrib name="value" value="114"/></item>
<item name="1" rev="161">
<attrib name="value" value="114"/></item>
<item name="OUT" rev="161">
<attrib name="value" value="114"/></item>
<item name="S0" rev="161">
<attrib name="value" value="114"/></item>
</group>
<group name="SLICEL_CYMUXG">
<item name="0" rev="161">
<attrib name="value" value="107"/></item>
<item name="1" rev="161">
<attrib name="value" value="107"/></item>
<item name="OUT" rev="161">
<attrib name="value" value="107"/></item>
<item name="S0" rev="161">
<attrib name="value" value="107"/></item>
</group>
<group name="IBUF_PAD">
<item name="PAD" rev="161">
<attrib name="value" value="6"/></item>
</group>
<group name="IBUF_INBUF">
<item name="IN" rev="161">
<attrib name="value" value="6"/></item>
<item name="OUT" rev="161">
<attrib name="value" value="6"/></item>
</group>
<group name="BUFGMUX_GCLK_BUFFER">
<item name="IN" rev="161">
<attrib name="value" value="4"/></item>
<item name="OUT" rev="161">
<attrib name="value" value="4"/></item>
</group>
<group name="SLICEL">
<item name="BX" rev="161">
<attrib name="value" value="199"/></item>
<item name="BY" rev="161">
<attrib name="value" value="107"/></item>
<item name="CE" rev="161">
<attrib name="value" value="97"/></item>
<item name="CIN" rev="161">
<attrib name="value" value="103"/></item>
<item name="CLK" rev="161">
<attrib name="value" value="177"/></item>
<item name="COUT" rev="161">
<attrib name="value" value="107"/></item>
<item name="F1" rev="161">
<attrib name="value" value="347"/></item>
<item name="F2" rev="161">
<attrib name="value" value="311"/></item>
<item name="F3" rev="161">
<attrib name="value" value="246"/></item>
<item name="F4" rev="161">
<attrib name="value" value="172"/></item>
<item name="F5" rev="161">
<attrib name="value" value="32"/></item>
<item name="FXINA" rev="161">
<attrib name="value" value="16"/></item>
<item name="FXINB" rev="161">
<attrib name="value" value="16"/></item>
<item name="G1" rev="161">
<attrib name="value" value="349"/></item>
<item name="G2" rev="161">
<attrib name="value" value="311"/></item>
<item name="G3" rev="161">
<attrib name="value" value="247"/></item>
<item name="G4" rev="161">
<attrib name="value" value="163"/></item>
<item name="SR" rev="161">
<attrib name="value" value="147"/></item>
<item name="X" rev="161">
<attrib name="value" value="246"/></item>
<item name="XQ" rev="161">
<attrib name="value" value="142"/></item>
<item name="Y" rev="161">
<attrib name="value" value="202"/></item>
<item name="YQ" rev="161">
<attrib name="value" value="149"/></item>
</group>
<group name="SLICEL_F6MUX">
<item name="0" rev="161">
<attrib name="value" value="16"/></item>
<item name="1" rev="161">
<attrib name="value" value="16"/></item>
<item name="OUT" rev="161">
<attrib name="value" value="16"/></item>
<item name="S0" rev="161">
<attrib name="value" value="16"/></item>
</group>
<group name="RAMB16">
<item name="ADDRA10" rev="161">
<attrib name="value" value="1"/></item>
<item name="ADDRA11" rev="161">
<attrib name="value" value="1"/></item>
<item name="ADDRA12" rev="161">
<attrib name="value" value="1"/></item>
<item name="ADDRA13" rev="161">
<attrib name="value" value="1"/></item>
<item name="ADDRA5" rev="161">
<attrib name="value" value="1"/></item>
<item name="ADDRA6" rev="161">
<attrib name="value" value="1"/></item>
<item name="ADDRA7" rev="161">
<attrib name="value" value="1"/></item>
<item name="ADDRA8" rev="161">
<attrib name="value" value="1"/></item>
<item name="ADDRA9" rev="161">
<attrib name="value" value="1"/></item>
<item name="ADDRB10" rev="161">
<attrib name="value" value="1"/></item>
<item name="ADDRB11" rev="161">
<attrib name="value" value="1"/></item>
<item name="ADDRB12" rev="161">
<attrib name="value" value="1"/></item>
<item name="ADDRB13" rev="161">
<attrib name="value" value="1"/></item>
<item name="ADDRB5" rev="161">
<attrib name="value" value="1"/></item>
<item name="ADDRB6" rev="161">
<attrib name="value" value="1"/></item>
<item name="ADDRB7" rev="161">
<attrib name="value" value="1"/></item>
<item name="ADDRB8" rev="161">
<attrib name="value" value="1"/></item>
<item name="ADDRB9" rev="161">
<attrib name="value" value="1"/></item>
<item name="CLKA" rev="161">
<attrib name="value" value="1"/></item>
<item name="CLKB" rev="161">
<attrib name="value" value="1"/></item>
<item name="DIA0" rev="161">
<attrib name="value" value="1"/></item>
<item name="DIA1" rev="161">
<attrib name="value" value="1"/></item>
<item name="DIA10" rev="161">
<attrib name="value" value="1"/></item>
<item name="DIA11" rev="161">
<attrib name="value" value="1"/></item>
<item name="DIA12" rev="161">
<attrib name="value" value="1"/></item>
<item name="DIA13" rev="161">
<attrib name="value" value="1"/></item>
<item name="DIA14" rev="161">
<attrib name="value" value="1"/></item>
<item name="DIA15" rev="161">
<attrib name="value" value="1"/></item>
<item name="DIA16" rev="161">
<attrib name="value" value="1"/></item>
<item name="DIA17" rev="161">
<attrib name="value" value="1"/></item>
<item name="DIA18" rev="161">
<attrib name="value" value="1"/></item>
<item name="DIA19" rev="161">
<attrib name="value" value="1"/></item>
<item name="DIA2" rev="161">
<attrib name="value" value="1"/></item>
<item name="DIA20" rev="161">
<attrib name="value" value="1"/></item>
<item name="DIA21" rev="161">
<attrib name="value" value="1"/></item>
<item name="DIA22" rev="161">
<attrib name="value" value="1"/></item>
<item name="DIA23" rev="161">
<attrib name="value" value="1"/></item>
<item name="DIA24" rev="161">
<attrib name="value" value="1"/></item>
<item name="DIA25" rev="161">
<attrib name="value" value="1"/></item>
<item name="DIA26" rev="161">
<attrib name="value" value="1"/></item>
<item name="DIA27" rev="161">
<attrib name="value" value="1"/></item>
<item name="DIA28" rev="161">
<attrib name="value" value="1"/></item>
<item name="DIA29" rev="161">
<attrib name="value" value="1"/></item>
<item name="DIA3" rev="161">
<attrib name="value" value="1"/></item>
<item name="DIA30" rev="161">
<attrib name="value" value="1"/></item>
<item name="DIA31" rev="161">
<attrib name="value" value="1"/></item>
<item name="DIA4" rev="161">
<attrib name="value" value="1"/></item>
<item name="DIA5" rev="161">
<attrib name="value" value="1"/></item>
<item name="DIA6" rev="161">
<attrib name="value" value="1"/></item>
<item name="DIA7" rev="161">
<attrib name="value" value="1"/></item>
<item name="DIA8" rev="161">
<attrib name="value" value="1"/></item>
<item name="DIA9" rev="161">
<attrib name="value" value="1"/></item>
<item name="DIB0" rev="161">
<attrib name="value" value="1"/></item>
<item name="DIB1" rev="161">
<attrib name="value" value="1"/></item>
<item name="DIB10" rev="161">
<attrib name="value" value="1"/></item>
<item name="DIB11" rev="161">
<attrib name="value" value="1"/></item>
<item name="DIB12" rev="161">
<attrib name="value" value="1"/></item>
<item name="DIB13" rev="161">
<attrib name="value" value="1"/></item>
<item name="DIB14" rev="161">
<attrib name="value" value="1"/></item>
<item name="DIB15" rev="161">
<attrib name="value" value="1"/></item>
<item name="DIB16" rev="161">
<attrib name="value" value="1"/></item>
<item name="DIB17" rev="161">
<attrib name="value" value="1"/></item>
<item name="DIB18" rev="161">
<attrib name="value" value="1"/></item>
<item name="DIB19" rev="161">
<attrib name="value" value="1"/></item>
<item name="DIB2" rev="161">
<attrib name="value" value="1"/></item>
<item name="DIB20" rev="161">
<attrib name="value" value="1"/></item>
<item name="DIB21" rev="161">
<attrib name="value" value="1"/></item>
<item name="DIB22" rev="161">
<attrib name="value" value="1"/></item>
<item name="DIB23" rev="161">
<attrib name="value" value="1"/></item>
<item name="DIB24" rev="161">
<attrib name="value" value="1"/></item>
<item name="DIB25" rev="161">
<attrib name="value" value="1"/></item>
<item name="DIB26" rev="161">
<attrib name="value" value="1"/></item>
<item name="DIB27" rev="161">
<attrib name="value" value="1"/></item>
<item name="DIB28" rev="161">
<attrib name="value" value="1"/></item>
<item name="DIB29" rev="161">
<attrib name="value" value="1"/></item>
<item name="DIB3" rev="161">
<attrib name="value" value="1"/></item>
<item name="DIB30" rev="161">
<attrib name="value" value="1"/></item>
<item name="DIB31" rev="161">
<attrib name="value" value="1"/></item>
<item name="DIB4" rev="161">
<attrib name="value" value="1"/></item>
<item name="DIB5" rev="161">
<attrib name="value" value="1"/></item>
<item name="DIB6" rev="161">
<attrib name="value" value="1"/></item>
<item name="DIB7" rev="161">
<attrib name="value" value="1"/></item>
<item name="DIB8" rev="161">
<attrib name="value" value="1"/></item>
<item name="DIB9" rev="161">
<attrib name="value" value="1"/></item>
<item name="DIPA0" rev="161">
<attrib name="value" value="1"/></item>
<item name="DIPA1" rev="161">
<attrib name="value" value="1"/></item>
<item name="DIPA2" rev="161">
<attrib name="value" value="1"/></item>
<item name="DIPA3" rev="161">
<attrib name="value" value="1"/></item>
<item name="DIPB0" rev="161">
<attrib name="value" value="1"/></item>
<item name="DIPB1" rev="161">
<attrib name="value" value="1"/></item>
<item name="DIPB2" rev="161">
<attrib name="value" value="1"/></item>
<item name="DIPB3" rev="161">
<attrib name="value" value="1"/></item>
<item name="DOA0" rev="161">
<attrib name="value" value="1"/></item>
<item name="DOA1" rev="161">
<attrib name="value" value="1"/></item>
<item name="DOA16" rev="161">
<attrib name="value" value="1"/></item>
<item name="DOA17" rev="161">
<attrib name="value" value="1"/></item>
<item name="DOA24" rev="161">
<attrib name="value" value="1"/></item>
<item name="DOA25" rev="161">
<attrib name="value" value="1"/></item>
<item name="DOA8" rev="161">
<attrib name="value" value="1"/></item>
<item name="DOA9" rev="161">
<attrib name="value" value="1"/></item>
<item name="DOB0" rev="161">
<attrib name="value" value="1"/></item>
<item name="DOB1" rev="161">
<attrib name="value" value="1"/></item>
<item name="DOB16" rev="161">
<attrib name="value" value="1"/></item>
<item name="DOB17" rev="161">
<attrib name="value" value="1"/></item>
<item name="DOB24" rev="161">
<attrib name="value" value="1"/></item>
<item name="DOB25" rev="161">
<attrib name="value" value="1"/></item>
<item name="DOB8" rev="161">
<attrib name="value" value="1"/></item>
<item name="DOB9" rev="161">
<attrib name="value" value="1"/></item>
<item name="ENA" rev="161">
<attrib name="value" value="1"/></item>
<item name="ENB" rev="161">
<attrib name="value" value="1"/></item>
<item name="SSRA" rev="161">
<attrib name="value" value="1"/></item>
<item name="SSRB" rev="161">
<attrib name="value" value="1"/></item>
<item name="WEA" rev="161">
<attrib name="value" value="1"/></item>
<item name="WEB" rev="161">
<attrib name="value" value="1"/></item>
</group>
<group name="IOB_OFF1">
<item name="CK" rev="161">
<attrib name="value" value="8"/></item>
<item name="D" rev="161">
<attrib name="value" value="8"/></item>
<item name="Q" rev="161">
<attrib name="value" value="8"/></item>
</group>
<group name="IOB_OUTBUF">
<item name="IN" rev="161">
<attrib name="value" value="20"/></item>
<item name="OUT" rev="161">
<attrib name="value" value="20"/></item>
</group>
<group name="RAMB16_RAMB16A">
<item name="ADDRA" rev="161">
<attrib name="value" value="1"/></item>
<item name="ADDRA10" rev="161">
<attrib name="value" value="1"/></item>
<item name="ADDRA11" rev="161">
<attrib name="value" value="1"/></item>
<item name="ADDRA12" rev="161">
<attrib name="value" value="1"/></item>
<item name="ADDRA13" rev="161">
<attrib name="value" value="1"/></item>
<item name="ADDRA5" rev="161">
<attrib name="value" value="1"/></item>
<item name="ADDRA6" rev="161">
<attrib name="value" value="1"/></item>
<item name="ADDRA7" rev="161">
<attrib name="value" value="1"/></item>
<item name="ADDRA8" rev="161">
<attrib name="value" value="1"/></item>
<item name="ADDRA9" rev="161">
<attrib name="value" value="1"/></item>
<item name="CLKA" rev="161">
<attrib name="value" value="1"/></item>
<item name="DIA" rev="161">
<attrib name="value" value="1"/></item>
<item name="DIA0" rev="161">
<attrib name="value" value="1"/></item>
<item name="DIA1" rev="161">
<attrib name="value" value="1"/></item>
<item name="DIA10" rev="161">
<attrib name="value" value="1"/></item>
<item name="DIA11" rev="161">
<attrib name="value" value="1"/></item>
<item name="DIA12" rev="161">
<attrib name="value" value="1"/></item>
<item name="DIA13" rev="161">
<attrib name="value" value="1"/></item>
<item name="DIA14" rev="161">
<attrib name="value" value="1"/></item>
<item name="DIA15" rev="161">
<attrib name="value" value="1"/></item>
<item name="DIA16" rev="161">
<attrib name="value" value="1"/></item>
<item name="DIA17" rev="161">
<attrib name="value" value="1"/></item>
<item name="DIA18" rev="161">
<attrib name="value" value="1"/></item>
<item name="DIA19" rev="161">
<attrib name="value" value="1"/></item>
<item name="DIA2" rev="161">
<attrib name="value" value="1"/></item>
<item name="DIA20" rev="161">
<attrib name="value" value="1"/></item>
<item name="DIA21" rev="161">
<attrib name="value" value="1"/></item>
<item name="DIA22" rev="161">
<attrib name="value" value="1"/></item>
<item name="DIA23" rev="161">
<attrib name="value" value="1"/></item>
<item name="DIA24" rev="161">
<attrib name="value" value="1"/></item>
<item name="DIA25" rev="161">
<attrib name="value" value="1"/></item>
<item name="DIA26" rev="161">
<attrib name="value" value="1"/></item>
<item name="DIA27" rev="161">
<attrib name="value" value="1"/></item>
<item name="DIA28" rev="161">
<attrib name="value" value="1"/></item>
<item name="DIA29" rev="161">
<attrib name="value" value="1"/></item>
<item name="DIA3" rev="161">
<attrib name="value" value="1"/></item>
<item name="DIA30" rev="161">
<attrib name="value" value="1"/></item>
<item name="DIA31" rev="161">
<attrib name="value" value="1"/></item>
<item name="DIA4" rev="161">
<attrib name="value" value="1"/></item>
<item name="DIA5" rev="161">
<attrib name="value" value="1"/></item>
<item name="DIA6" rev="161">
<attrib name="value" value="1"/></item>
<item name="DIA7" rev="161">
<attrib name="value" value="1"/></item>
<item name="DIA8" rev="161">
<attrib name="value" value="1"/></item>
<item name="DIA9" rev="161">
<attrib name="value" value="1"/></item>
<item name="DIPA0" rev="161">
<attrib name="value" value="1"/></item>
<item name="DIPA1" rev="161">
<attrib name="value" value="1"/></item>
<item name="DIPA2" rev="161">
<attrib name="value" value="1"/></item>
<item name="DIPA3" rev="161">
<attrib name="value" value="1"/></item>
<item name="DOA" rev="161">
<attrib name="value" value="1"/></item>
<item name="DOA0" rev="161">
<attrib name="value" value="1"/></item>
<item name="DOA1" rev="161">
<attrib name="value" value="1"/></item>
<item name="DOA16" rev="161">
<attrib name="value" value="1"/></item>
<item name="DOA17" rev="161">
<attrib name="value" value="1"/></item>
<item name="DOA24" rev="161">
<attrib name="value" value="1"/></item>
<item name="DOA25" rev="161">
<attrib name="value" value="1"/></item>
<item name="DOA8" rev="161">
<attrib name="value" value="1"/></item>
<item name="DOA9" rev="161">
<attrib name="value" value="1"/></item>
<item name="ENA" rev="161">
<attrib name="value" value="1"/></item>
<item name="SSRA" rev="161">
<attrib name="value" value="1"/></item>
<item name="WEA" rev="161">
<attrib name="value" value="1"/></item>
</group>
<group name="RAMB16_RAMB16B">
<item name="ADDRB" rev="161">
<attrib name="value" value="1"/></item>
<item name="ADDRB10" rev="161">
<attrib name="value" value="1"/></item>
<item name="ADDRB11" rev="161">
<attrib name="value" value="1"/></item>
<item name="ADDRB12" rev="161">
<attrib name="value" value="1"/></item>
<item name="ADDRB13" rev="161">
<attrib name="value" value="1"/></item>
<item name="ADDRB5" rev="161">
<attrib name="value" value="1"/></item>
<item name="ADDRB6" rev="161">
<attrib name="value" value="1"/></item>
<item name="ADDRB7" rev="161">
<attrib name="value" value="1"/></item>
<item name="ADDRB8" rev="161">
<attrib name="value" value="1"/></item>
<item name="ADDRB9" rev="161">
<attrib name="value" value="1"/></item>
<item name="CLKB" rev="161">
<attrib name="value" value="1"/></item>
<item name="DIB" rev="161">
<attrib name="value" value="1"/></item>
<item name="DIB0" rev="161">
<attrib name="value" value="1"/></item>
<item name="DIB1" rev="161">
<attrib name="value" value="1"/></item>
<item name="DIB10" rev="161">
<attrib name="value" value="1"/></item>
<item name="DIB11" rev="161">
<attrib name="value" value="1"/></item>
<item name="DIB12" rev="161">
<attrib name="value" value="1"/></item>
<item name="DIB13" rev="161">
<attrib name="value" value="1"/></item>
<item name="DIB14" rev="161">
<attrib name="value" value="1"/></item>
<item name="DIB15" rev="161">
<attrib name="value" value="1"/></item>
<item name="DIB16" rev="161">
<attrib name="value" value="1"/></item>
<item name="DIB17" rev="161">
<attrib name="value" value="1"/></item>
<item name="DIB18" rev="161">
<attrib name="value" value="1"/></item>
<item name="DIB19" rev="161">
<attrib name="value" value="1"/></item>
<item name="DIB2" rev="161">
<attrib name="value" value="1"/></item>
<item name="DIB20" rev="161">
<attrib name="value" value="1"/></item>
<item name="DIB21" rev="161">
<attrib name="value" value="1"/></item>
<item name="DIB22" rev="161">
<attrib name="value" value="1"/></item>
<item name="DIB23" rev="161">
<attrib name="value" value="1"/></item>
<item name="DIB24" rev="161">
<attrib name="value" value="1"/></item>
<item name="DIB25" rev="161">
<attrib name="value" value="1"/></item>
<item name="DIB26" rev="161">
<attrib name="value" value="1"/></item>
<item name="DIB27" rev="161">
<attrib name="value" value="1"/></item>
<item name="DIB28" rev="161">
<attrib name="value" value="1"/></item>
<item name="DIB29" rev="161">
<attrib name="value" value="1"/></item>
<item name="DIB3" rev="161">
<attrib name="value" value="1"/></item>
<item name="DIB30" rev="161">
<attrib name="value" value="1"/></item>
<item name="DIB31" rev="161">
<attrib name="value" value="1"/></item>
<item name="DIB4" rev="161">
<attrib name="value" value="1"/></item>
<item name="DIB5" rev="161">
<attrib name="value" value="1"/></item>
<item name="DIB6" rev="161">
<attrib name="value" value="1"/></item>
<item name="DIB7" rev="161">
<attrib name="value" value="1"/></item>
<item name="DIB8" rev="161">
<attrib name="value" value="1"/></item>
<item name="DIB9" rev="161">
<attrib name="value" value="1"/></item>
<item name="DIPB0" rev="161">
<attrib name="value" value="1"/></item>
<item name="DIPB1" rev="161">
<attrib name="value" value="1"/></item>
<item name="DIPB2" rev="161">
<attrib name="value" value="1"/></item>
<item name="DIPB3" rev="161">
<attrib name="value" value="1"/></item>
<item name="DOB" rev="161">
<attrib name="value" value="1"/></item>
<item name="DOB0" rev="161">
<attrib name="value" value="1"/></item>
<item name="DOB1" rev="161">
<attrib name="value" value="1"/></item>
<item name="DOB16" rev="161">
<attrib name="value" value="1"/></item>
<item name="DOB17" rev="161">
<attrib name="value" value="1"/></item>
<item name="DOB24" rev="161">
<attrib name="value" value="1"/></item>
<item name="DOB25" rev="161">
<attrib name="value" value="1"/></item>
<item name="DOB8" rev="161">
<attrib name="value" value="1"/></item>
<item name="DOB9" rev="161">
<attrib name="value" value="1"/></item>
<item name="ENB" rev="161">
<attrib name="value" value="1"/></item>
<item name="SSRB" rev="161">
<attrib name="value" value="1"/></item>
<item name="WEB" rev="161">
<attrib name="value" value="1"/></item>
</group>
<group name="IBUF">
<item name="I" rev="161">
<attrib name="value" value="6"/></item>
<item name="PAD" rev="161">
<attrib name="value" value="6"/></item>
</group>
<group name="SLICEL_C2VDD">
<item name="1" rev="161">
<attrib name="value" value="17"/></item>
</group>
<group name="SLICEL_XORF">
<item name="0" rev="161">
<attrib name="value" value="102"/></item>
<item name="1" rev="161">
<attrib name="value" value="102"/></item>
<item name="O" rev="161">
<attrib name="value" value="102"/></item>
</group>
<group name="SLICEL_FFX">
<item name="CE" rev="161">
<attrib name="value" value="78"/></item>
<item name="CK" rev="161">
<attrib name="value" value="142"/></item>
<item name="D" rev="161">
<attrib name="value" value="142"/></item>
<item name="Q" rev="161">
<attrib name="value" value="142"/></item>
<item name="SR" rev="161">
<attrib name="value" value="124"/></item>
</group>
<group name="SLICEL_FFY">
<item name="CE" rev="161">
<attrib name="value" value="81"/></item>
<item name="CK" rev="161">
<attrib name="value" value="149"/></item>
<item name="D" rev="161">
<attrib name="value" value="149"/></item>
<item name="Q" rev="161">
<attrib name="value" value="149"/></item>
<item name="SR" rev="161">
<attrib name="value" value="131"/></item>
</group>
<group name="SLICEL_XORG">
<item name="0" rev="161">
<attrib name="value" value="101"/></item>
<item name="1" rev="161">
<attrib name="value" value="101"/></item>
<item name="O" rev="161">
<attrib name="value" value="101"/></item>
</group>
<group name="BUFGMUX_GCLKMUX">
<item name="I0" rev="161">
<attrib name="value" value="4"/></item>
<item name="OUT" rev="161">
<attrib name="value" value="4"/></item>
<item name="S" rev="161">
<attrib name="value" value="4"/></item>
</group>
<group name="SLICEL_F5MUX">
<item name="F" rev="161">
<attrib name="value" value="110"/></item>
<item name="G" rev="161">
<attrib name="value" value="110"/></item>
<item name="OUT" rev="161">
<attrib name="value" value="110"/></item>
<item name="S0" rev="161">
<attrib name="value" value="110"/></item>
</group>
<group name="IOB_PAD">
<item name="PAD" rev="161">
<attrib name="value" value="20"/></item>
</group>
<group name="IOB">
<item name="O1" rev="161">
<attrib name="value" value="20"/></item>
<item name="OTCLK1" rev="161">
<attrib name="value" value="8"/></item>
<item name="PAD" rev="161">
<attrib name="value" value="20"/></item>
</group>
<group name="SLICEL_C1VDD">
<item name="1" rev="161">
<attrib name="value" value="14"/></item>
</group>
<group name="BUFGMUX">
<item name="I0" rev="161">
<attrib name="value" value="4"/></item>
<item name="O" rev="161">
<attrib name="value" value="4"/></item>
<item name="S" rev="161">
<attrib name="value" value="4"/></item>
</group>
<group name="SLICEL_F">
<item name="A1" rev="161">
<attrib name="value" value="347"/></item>
<item name="A2" rev="161">
<attrib name="value" value="311"/></item>
<item name="A3" rev="161">
<attrib name="value" value="246"/></item>
<item name="A4" rev="161">
<attrib name="value" value="172"/></item>
<item name="D" rev="161">
<attrib name="value" value="353"/></item>
</group>
<group name="SLICEL_G">
<item name="A1" rev="161">
<attrib name="value" value="349"/></item>
<item name="A2" rev="161">
<attrib name="value" value="311"/></item>
<item name="A3" rev="161">
<attrib name="value" value="247"/></item>
<item name="A4" rev="161">
<attrib name="value" value="163"/></item>
<item name="D" rev="161">
<attrib name="value" value="349"/></item>
</group>
<group name="RAMB16_RAMB16">
<item name="ADDRA" rev="161">
<attrib name="value" value="1"/></item>
<item name="ADDRB" rev="161">
<attrib name="value" value="1"/></item>
<item name="DIA" rev="161">
<attrib name="value" value="1"/></item>
<item name="DIB" rev="161">
<attrib name="value" value="1"/></item>
<item name="DOA" rev="161">
<attrib name="value" value="1"/></item>
<item name="DOB" rev="161">
<attrib name="value" value="1"/></item>
</group>
<group name="SLICEL_GNDF">
<item name="0" rev="161">
<attrib name="value" value="76"/></item>
</group>
<group name="SLICEL_GNDG">
<item name="0" rev="161">
<attrib name="value" value="67"/></item>
</group>
</ReportPinData>
<CmdHistory>
</CmdHistory>
</DeviceUsageSummary>
